province,year,r2,cluster_id,split
02 Azua,2020,-1.8445,0,val
02 Azua,2021,-1.8196,0,val
22 San Juan,2020,-1.6699,0,val
22 San Juan,2021,-1.9023,0,val
31 San José de Ocoa,2020,-1.6383,0,val
31 San José de Ocoa,2021,-2.6132,0,val
02 Azua,2022,-1.1373,0,test
02 Azua,2023,-1.2522,0,test
22 San Juan,2022,-1.8579,0,test
22 San Juan,2023,-2.1443,0,test
31 San José de Ocoa,2022,-2.0196,0,test
31 San José de Ocoa,2023,-1.4981,0,test
03 Baoruco,2020,-1.5348,1,val
03 Baoruco,2021,-1.0982,1,val
05 Dajabón,2020,-2.1316,1,val
05 Dajabón,2021,-2.1844,1,val
07 Elías Piña,2020,-2.4781,1,val
07 Elías Piña,2021,-1.9751,1,val
10 Independencia,2020,-1.4251,1,val
10 Independencia,2021,-1.7788,1,val
26 Santiago Rodríguez,2020,-1.8525,1,val
26 Santiago Rodríguez,2021,-2.1728,1,val
27 Valverde,2020,-1.547,1,val
27 Valverde,2021,-1.7434,1,val
03 Baoruco,2022,-1.4192,1,test
03 Baoruco,2023,-2.2443,1,test
05 Dajabón,2022,-1.9516,1,test
05 Dajabón,2023,-1.625,1,test
07 Elías Piña,2022,-1.199,1,test
07 Elías Piña,2023,-1.9989,1,test
10 Independencia,2022,-1.4983,1,test
10 Independencia,2023,-1.6796,1,test
26 Santiago Rodríguez,2022,-0.7238,1,test
26 Santiago Rodríguez,2023,-1.3854,1,test
27 Valverde,2022,-1.2368,1,test
27 Valverde,2023,-1.3285,1,test
08 El Seibo,2020,-1.3124,2,val
08 El Seibo,2021,-2.0208,2,val
11 La Altagracia,2020,-1.2971,2,val
11 La Altagracia,2021,-2.1335,2,val
12 La Romana,2020,-1.2745,2,val
12 La Romana,2021,-1.9142,2,val
15 Monte Cristi,2020,-1.353,2,val
15 Monte Cristi,2021,-2.8719,2,val
16 Pedernales,2020,-1.5199,2,val
16 Pedernales,2021,-1.9243,2,val
08 El Seibo,2022,-1.7113,2,test
08 El Seibo,2023,-1.7041,2,test
11 La Altagracia,2022,-1.0996,2,test
11 La Altagracia,2023,-2.1275,2,test
12 La Romana,2022,-1.1728,2,test
12 La Romana,2023,-1.87,2,test
15 Monte Cristi,2022,-1.2469,2,test
15 Monte Cristi,2023,-1.1608,2,test
16 Pedernales,2022,-1.6232,2,test
16 Pedernales,2023,-1.8088,2,test
01 Distrito Nacional,2020,-1.5179,3,val
01 Distrito Nacional,2021,-2.3274,3,val
04 Barahona,2020,-2.0678,3,val
04 Barahona,2021,-1.4276,3,val
09 Espaillat,2020,-1.4192,3,val
09 Espaillat,2021,-1.5953,3,val
14 María Trinidad Sánchez,2020,-1.1035,3,val
14 María Trinidad Sánchez,2021,-1.7618,3,val
17 Peravia,2020,-0.8466,3,val
17 Peravia,2021,-1.4042,3,val
18 Puerto Plata,2020,-1.2162,3,val
18 Puerto Plata,2021,-1.486,3,val
20 Samaná,2020,-1.3399,3,val
20 Samaná,2021,-2.1904,3,val
21 San Cristóbal,2020,-0.8409,3,val
21 San Cristóbal,2021,-1.3667,3,val
23 San Pedro de Macorís,2020,-1.487,3,val
23 San Pedro de Macorís,2021,-2.1487,3,val
30 Hato Mayor,2020,-1.3166,3,val
30 Hato Mayor,2021,-1.8752,3,val
32 Santo Domingo,2020,-1.2599,3,val
32 Santo Domingo,2021,-2.4297,3,val
01 Distrito Nacional,2022,-1.6115,3,test
01 Distrito Nacional,2023,-1.7492,3,test
04 Barahona,2022,-1.5219,3,test
04 Barahona,2023,-2.0269,3,test
09 Espaillat,2022,-1.2903,3,test
09 Espaillat,2023,-1.8216,3,test
14 María Trinidad Sánchez,2022,-1.3487,3,test
14 María Trinidad Sánchez,2023,-1.6277,3,test
17 Peravia,2022,-1.1071,3,test
17 Peravia,2023,-1.2431,3,test
18 Puerto Plata,2022,-0.9589,3,test
18 Puerto Plata,2023,-1.3617,3,test
20 Samaná,2022,-0.9291,3,test
20 Samaná,2023,-2.0146,3,test
21 San Cristóbal,2022,-1.2088,3,test
21 San Cristóbal,2023,-2.3899,3,test
23 San Pedro de Macorís,2022,-0.9605,3,test
23 San Pedro de Macorís,2023,-1.6914,3,test
30 Hato Mayor,2022,-1.5023,3,test
30 Hato Mayor,2023,-1.6533,3,test
32 Santo Domingo,2022,-1.2103,3,test
32 Santo Domingo,2023,-1.7122,3,test
06 Duarte,2020,-1.1641,4,val
06 Duarte,2021,-1.3642,4,val
13 La Vega,2020,-1.4836,4,val
13 La Vega,2021,-1.798,4,val
19 Hermanas Mirabal,2020,-1.9132,4,val
19 Hermanas Mirabal,2021,-1.7456,4,val
24 Sánchez Ramírez,2020,-1.3051,4,val
24 Sánchez Ramírez,2021,-1.309,4,val
25 Santiago,2020,-1.4237,4,val
25 Santiago,2021,-1.8468,4,val
28 Monseñor Nouel,2020,-1.3382,4,val
28 Monseñor Nouel,2021,-1.3953,4,val
29 Monte Plata,2020,-1.3577,4,val
29 Monte Plata,2021,-2.0564,4,val
06 Duarte,2022,-1.7359,4,test
06 Duarte,2023,-2.0711,4,test
13 La Vega,2022,-1.9733,4,test
13 La Vega,2023,-2.1437,4,test
19 Hermanas Mirabal,2022,-2.0336,4,test
19 Hermanas Mirabal,2023,-1.9563,4,test
24 Sánchez Ramírez,2022,-1.5128,4,test
24 Sánchez Ramírez,2023,-2.1964,4,test
25 Santiago,2022,-1.8562,4,test
25 Santiago,2023,-1.6963,4,test
28 Monseñor Nouel,2022,-2.3437,4,test
28 Monseñor Nouel,2023,-2.9017,4,test
29 Monte Plata,2022,-1.378,4,test
29 Monte Plata,2023,-2.0468,4,test
