level,cluster,output_dim,feature,coefficient
global,all,z1,lag0_z1,0.529219
global,all,z1,lag0_z3,0.139046
global,all,z1,lag1_z1,0.158872
global,all,z1,lag3_z1,0.123042
global,all,z1,lag5_z2,0.066048
global,all,z1,lag5_z5,-0.059915
global,all,z1,lag5_z6,-0.074458
cluster_delta,0,z1,1,0.075329
cluster_delta,0,z1,lag0_z2,-0.171409
cluster_delta,0,z1,lag0_z5,-0.105889
cluster_delta,0,z1,lag1_z5,0.153221
cluster_delta,0,z1,lag2_z2,0.122226
cluster_delta,0,z1,lag2_z5,0.11482
cluster_delta,0,z1,lag3_z2,-0.148453
cluster_delta,0,z1,lag3_z5,-0.121115
cluster_delta,0,z1,lag4_z1,0.072362
cluster_delta,0,z1,lag4_z2,0.064971
cluster_delta,0,z1,lag4_z3,-0.066804
cluster_delta,0,z1,lag4_z4,0.091979
cluster_delta,0,z1,lag4_z5,0.227005
cluster_delta,0,z1,lag5_z1,-0.167508
cluster_delta,0,z1,lag5_z2,0.108589
cluster_delta,0,z1,lag5_z3,0.05018
cluster_delta,0,z1,lag5_z4,-0.138474
cluster_delta,0,z1,lag5_z5,-0.173557
cluster_delta,1,z1,1,0.240345
cluster_delta,1,z1,lag0_z1,-0.103951
cluster_delta,1,z1,lag0_z2,-0.201669
cluster_delta,1,z1,lag0_z3,0.094105
cluster_delta,1,z1,lag0_z5,-0.230552
cluster_delta,1,z1,lag0_z6,0.164737
cluster_delta,1,z1,lag1_z2,0.087247
cluster_delta,1,z1,lag1_z4,-0.069683
cluster_delta,1,z1,lag1_z5,0.115623
cluster_delta,1,z1,lag1_z6,-0.056621
cluster_delta,1,z1,lag2_z1,0.068171
cluster_delta,1,z1,lag2_z2,0.085464
cluster_delta,1,z1,lag2_z3,-0.117641
cluster_delta,1,z1,lag2_z5,0.189768
cluster_delta,1,z1,lag2_z6,-0.159332
cluster_delta,1,z1,lag4_z3,0.079699
cluster_delta,1,z1,lag5_z1,-0.076097
cluster_delta,1,z1,lag5_z4,-0.077619
cluster_delta,2,z1,1,-0.187888
cluster_delta,2,z1,lag0_z1,-0.127059
cluster_delta,2,z1,lag0_z2,-0.267776
cluster_delta,2,z1,lag0_z3,0.180891
cluster_delta,2,z1,lag0_z5,-0.244765
cluster_delta,2,z1,lag0_z6,0.135728
cluster_delta,2,z1,lag1_z2,0.065867
cluster_delta,2,z1,lag1_z5,0.133196
cluster_delta,2,z1,lag3_z4,0.089719
cluster_delta,2,z1,lag4_z1,0.120109
cluster_delta,2,z1,lag4_z2,0.100392
cluster_delta,2,z1,lag4_z3,-0.112572
cluster_delta,2,z1,lag4_z4,-0.093033
cluster_delta,2,z1,lag4_z5,0.113292
cluster_delta,2,z1,lag4_z6,-0.105717
cluster_delta,2,z1,lag5_z1,-0.072574
cluster_delta,2,z1,lag5_z4,-0.056524
cluster_delta,3,z1,lag0_z2,-0.104809
cluster_delta,3,z1,lag2_z2,0.069737
cluster_delta,4,z1,1,-0.065219
cluster_delta,4,z1,lag0_z3,0.073623
cluster_delta,4,z1,lag1_z1,-0.092616
cluster_delta,4,z1,lag1_z4,-0.06663
cluster_delta,4,z1,lag3_z1,-0.08959
cluster_delta,4,z1,lag4_z1,0.108403
cluster_delta,4,z1,lag4_z5,0.064643
cluster_delta,4,z1,lag4_z6,-0.096507
global,all,z2,lag0_z1,-0.16892
global,all,z2,lag0_z2,0.657774
global,all,z2,lag0_z3,0.152945
global,all,z2,lag0_z6,0.079214
global,all,z2,lag1_z2,0.158858
global,all,z2,lag1_z4,-0.062003
global,all,z2,lag2_z1,0.084552
global,all,z2,lag2_z2,0.089926
global,all,z2,lag2_z5,0.05761
global,all,z2,lag2_z6,-0.067113
global,all,z2,lag3_z3,-0.110756
global,all,z2,lag3_z6,-0.083834
global,all,z2,lag4_z6,0.094582
global,all,z2,lag5_z3,-0.097957
cluster_delta,0,z2,lag2_z5,0.065397
cluster_delta,0,z2,lag3_z2,-0.069573
cluster_delta,0,z2,lag4_z2,0.094317
cluster_delta,0,z2,lag4_z6,-0.087019
cluster_delta,0,z2,lag5_z6,0.064529
cluster_delta,1,z2,1,0.061888
cluster_delta,1,z2,lag0_z1,0.065032
cluster_delta,1,z2,lag0_z3,-0.060915
cluster_delta,1,z2,lag0_z5,0.10503
cluster_delta,1,z2,lag0_z6,-0.050732
cluster_delta,1,z2,lag2_z1,-0.086749
cluster_delta,1,z2,lag2_z5,-0.094214
cluster_delta,1,z2,lag3_z3,0.073712
cluster_delta,1,z2,lag3_z6,0.058242
global,all,z3,lag0_z2,0.120272
global,all,z3,lag0_z3,0.538797
global,all,z3,lag1_z3,0.106163
global,all,z3,lag2_z3,0.131446
global,all,z3,lag2_z5,-0.145509
global,all,z3,lag3_z4,-0.109191
global,all,z3,lag4_z3,0.105339
global,all,z3,lag4_z5,-0.055085
global,all,z3,lag5_z5,0.088106
cluster_delta,0,z3,lag0_z2,0.111291
cluster_delta,0,z3,lag1_z2,-0.116479
cluster_delta,0,z3,lag1_z5,-0.115858
cluster_delta,0,z3,lag2_z2,0.091399
cluster_delta,0,z3,lag2_z4,-0.080087
cluster_delta,0,z3,lag2_z5,0.077824
cluster_delta,0,z3,lag3_z2,-0.125402
cluster_delta,0,z3,lag3_z3,0.092387
cluster_delta,0,z3,lag3_z4,0.082358
cluster_delta,0,z3,lag4_z3,-0.08557
cluster_delta,1,z3,1,-0.050897
cluster_delta,2,z3,lag3_z2,-0.054196
cluster_delta,4,z3,lag0_z2,-0.118333
cluster_delta,4,z3,lag0_z4,0.075394
cluster_delta,4,z3,lag0_z5,-0.083123
cluster_delta,4,z3,lag0_z6,0.109585
cluster_delta,4,z3,lag2_z5,0.072847
cluster_delta,4,z3,lag3_z1,0.05079
cluster_delta,4,z3,lag3_z2,0.105758
cluster_delta,4,z3,lag3_z4,-0.072649
cluster_delta,4,z3,lag3_z6,-0.13629
cluster_delta,4,z3,lag4_z2,-0.071706
cluster_delta,4,z3,lag5_z1,-0.112315
cluster_delta,4,z3,lag5_z2,0.077106
cluster_delta,4,z3,lag5_z6,0.080607
global,all,z4,lag0_z1,-0.108896
global,all,z4,lag0_z3,0.084863
global,all,z4,lag0_z4,0.773612
global,all,z4,lag1_z3,-0.074475
global,all,z4,lag2_z1,0.130788
global,all,z4,lag2_z2,0.119946
global,all,z4,lag2_z5,0.147124
global,all,z4,lag2_z6,-0.125125
global,all,z4,lag3_z1,-0.103149
global,all,z4,lag3_z3,-0.059761
global,all,z4,lag4_z1,0.106092
global,all,z4,lag4_z2,-0.190054
global,all,z4,lag4_z3,0.180397
global,all,z4,lag4_z5,-0.109354
global,all,z4,lag4_z6,0.170603
global,all,z4,lag5_z3,-0.119062
cluster_delta,0,z4,lag0_z2,0.092867
cluster_delta,0,z4,lag0_z5,0.198624
cluster_delta,0,z4,lag1_z1,-0.130765
cluster_delta,0,z4,lag1_z2,-0.173045
cluster_delta,0,z4,lag1_z3,-0.087851
cluster_delta,0,z4,lag1_z4,0.079911
cluster_delta,0,z4,lag1_z5,-0.157648
cluster_delta,0,z4,lag2_z1,0.134371
cluster_delta,0,z4,lag2_z2,0.148882
cluster_delta,0,z4,lag2_z4,-0.19362
cluster_delta,0,z4,lag2_z5,0.12231
cluster_delta,0,z4,lag2_z6,-0.220767
cluster_delta,0,z4,lag2_incidence,-0.087887
cluster_delta,0,z4,lag3_z5,0.12858
cluster_delta,0,z4,lag3_incidence,0.063585
cluster_delta,0,z4,lag4_z1,-0.093772
cluster_delta,0,z4,lag4_z2,0.067576
cluster_delta,0,z4,lag4_z3,0.120697
cluster_delta,0,z4,lag4_z5,-0.121812
cluster_delta,0,z4,lag4_z6,0.16403
cluster_delta,0,z4,lag5_z2,-0.09262
cluster_delta,0,z4,lag5_z3,-0.085332
cluster_delta,0,z4,lag5_z6,-0.09544
cluster_delta,1,z4,1,0.153391
cluster_delta,1,z4,lag0_z1,0.131369
cluster_delta,1,z4,lag0_z2,0.080091
cluster_delta,1,z4,lag0_z3,-0.141966
cluster_delta,1,z4,lag0_z4,-0.140989
cluster_delta,1,z4,lag0_z5,0.214867
cluster_delta,1,z4,lag0_z6,-0.209466
cluster_delta,1,z4,lag1_z1,-0.1095
cluster_delta,1,z4,lag1_z4,0.119201
cluster_delta,1,z4,lag1_z6,0.101239
cluster_delta,1,z4,lag2_z1,-0.086892
cluster_delta,1,z4,lag2_z2,-0.140201
cluster_delta,1,z4,lag2_z3,0.12217
cluster_delta,1,z4,lag2_z5,-0.221229
cluster_delta,1,z4,lag2_z6,0.140376
cluster_delta,1,z4,lag3_z2,0.142168
cluster_delta,1,z4,lag3_z4,-0.156748
cluster_delta,1,z4,lag3_z6,-0.133187
cluster_delta,1,z4,lag4_z4,0.076538
cluster_delta,1,z4,lag4_z5,0.118537
cluster_delta,1,z4,lag4_z6,0.061929
cluster_delta,1,z4,lag5_z2,-0.097806
cluster_delta,1,z4,lag5_z3,0.072914
cluster_delta,1,z4,lag5_z5,-0.082138
cluster_delta,2,z4,lag1_z5,0.056799
cluster_delta,2,z4,lag3_z5,0.090311
cluster_delta,2,z4,lag4_z3,0.07444
cluster_delta,2,z4,lag4_z4,-0.071493
cluster_delta,2,z4,lag4_z5,-0.109702
cluster_delta,2,z4,lag5_z3,-0.085694
cluster_delta,2,z4,lag5_z4,0.081721
cluster_delta,4,z4,lag0_z3,-0.080194
cluster_delta,4,z4,lag1_z3,0.084386
global,all,z5,lag0_z1,0.088172
global,all,z5,lag0_z2,-0.056324
global,all,z5,lag0_z5,0.555552
global,all,z5,lag1_z5,0.155838
global,all,z5,lag3_z5,0.074019
global,all,z5,lag4_z2,0.094651
global,all,z5,lag4_z5,0.05181
global,all,z5,lag4_z6,-0.151575
global,all,z5,lag5_z3,0.066859
global,all,z5,lag5_z5,0.108516
global,all,z5,lag5_z6,0.106731
cluster_delta,0,z5,lag0_z3,-0.081097
cluster_delta,0,z5,lag1_z3,0.071996
cluster_delta,1,z5,1,-0.078341
cluster_delta,1,z5,lag0_z4,0.095063
cluster_delta,1,z5,lag0_z6,0.053785
cluster_delta,1,z5,lag3_z1,0.060826
cluster_delta,1,z5,lag3_z6,-0.05674
cluster_delta,1,z5,lag4_z2,0.057316
cluster_delta,1,z5,lag4_z3,-0.083017
cluster_delta,2,z5,lag0_z5,0.070902
cluster_delta,2,z5,lag1_z5,-0.084855
cluster_delta,2,z5,lag3_z6,-0.060952
cluster_delta,2,z5,lag4_z6,0.05357
cluster_delta,3,z5,lag0_z1,0.08418
cluster_delta,3,z5,lag0_z3,-0.094135
cluster_delta,3,z5,lag1_z1,-0.056929
cluster_delta,3,z5,lag1_z2,0.132499
cluster_delta,3,z5,lag2_z2,-0.099077
cluster_delta,3,z5,lag3_z6,-0.063792
cluster_delta,3,z5,lag4_z3,0.072261
cluster_delta,3,z5,lag4_z6,0.063341
cluster_delta,4,z5,1,0.086572
cluster_delta,4,z5,lag0_z2,-0.110657
cluster_delta,4,z5,lag0_z4,0.105848
cluster_delta,4,z5,lag0_z5,-0.072226
cluster_delta,4,z5,lag0_z6,0.154933
cluster_delta,4,z5,lag2_z6,-0.064093
cluster_delta,4,z5,lag5_z2,0.083501
global,all,z6,lag0_z4,-0.072408
global,all,z6,lag0_z5,0.138392
global,all,z6,lag0_z6,0.613095
global,all,z6,lag1_z2,0.131065
global,all,z6,lag1_z5,0.107718
global,all,z6,lag1_z6,0.057682
global,all,z6,lag2_z2,-0.103038
global,all,z6,lag2_z4,0.103027
global,all,z6,lag2_z6,0.110486
global,all,z6,lag3_z2,-0.127593
global,all,z6,lag3_z4,0.054526
global,all,z6,lag3_z5,-0.154335
global,all,z6,lag4_z2,0.072671
global,all,z6,lag4_z4,0.065121
global,all,z6,lag5_z1,-0.065924
global,all,z6,lag5_z3,0.092248
global,all,z6,lag5_z5,-0.071652
global,all,z6,lag5_z6,0.135509
cluster_delta,0,z6,lag1_z3,0.050221
cluster_delta,0,z6,lag2_z1,-0.111507
cluster_delta,0,z6,lag2_z5,-0.103363
cluster_delta,0,z6,lag2_z6,0.076811
cluster_delta,0,z6,lag3_z1,0.13597
cluster_delta,0,z6,lag3_z2,-0.082748
cluster_delta,0,z6,lag4_z2,0.109305
cluster_delta,0,z6,lag4_z3,-0.115299
cluster_delta,0,z6,lag4_z5,0.224474
cluster_delta,0,z6,lag4_z6,-0.075901
cluster_delta,0,z6,lag5_z3,0.091372
cluster_delta,0,z6,lag5_z5,-0.106692
cluster_delta,1,z6,1,0.10641
cluster_delta,1,z6,lag0_z1,-0.102827
cluster_delta,1,z6,lag0_z2,-0.054342
cluster_delta,1,z6,lag0_z3,0.153778
cluster_delta,1,z6,lag0_z4,0.058243
cluster_delta,1,z6,lag0_z5,-0.212924
cluster_delta,1,z6,lag0_z6,0.163987
cluster_delta,1,z6,lag1_z2,-0.106657
cluster_delta,1,z6,lag3_z1,0.077971
cluster_delta,1,z6,lag3_z5,0.117203
cluster_delta,1,z6,lag4_z3,-0.064182
cluster_delta,1,z6,lag4_z6,-0.069827
cluster_delta,1,z6,lag5_z2,0.170787
cluster_delta,1,z6,lag5_z3,-0.075643
cluster_delta,1,z6,lag5_z4,-0.080284
cluster_delta,1,z6,lag5_z5,0.133536
cluster_delta,1,z6,lag5_z6,-0.137822
cluster_delta,2,z6,1,-0.087262
cluster_delta,2,z6,lag0_z4,-0.085473
cluster_delta,2,z6,lag0_z5,-0.054267
cluster_delta,2,z6,lag1_z2,-0.111714
cluster_delta,2,z6,lag1_z3,0.060308
cluster_delta,2,z6,lag1_z4,0.120734
cluster_delta,2,z6,lag1_z6,0.075398
cluster_delta,2,z6,lag2_z1,-0.087703
cluster_delta,2,z6,lag2_z5,-0.100295
cluster_delta,2,z6,lag3_z1,0.081504
cluster_delta,2,z6,lag3_z6,-0.075527
cluster_delta,2,z6,lag4_z3,-0.116119
cluster_delta,2,z6,lag4_z5,0.149034
cluster_delta,2,z6,lag5_z1,-0.078523
cluster_delta,2,z6,lag5_z2,0.08198
cluster_delta,2,z6,lag5_z3,0.102221
cluster_delta,2,z6,lag5_z4,-0.064053
global,all,incidence,lag0_z4,-0.052792
global,all,incidence,lag0_z6,-0.049623
global,all,incidence,lag0_incidence,0.436438
global,all,incidence,lag1_incidence,0.204945
global,all,incidence,lag2_incidence,0.132188
global,all,incidence,lag3_incidence,0.060132
global,all,incidence,lag5_incidence,0.051725
cluster_delta,0,incidence,1,0.041519
cluster_delta,0,incidence,lag0_z1,-0.048589
cluster_delta,0,incidence,lag0_z2,-0.076638
cluster_delta,0,incidence,lag0_z4,0.054785
cluster_delta,0,incidence,lag0_z5,-0.102502
cluster_delta,0,incidence,lag0_z6,0.114206
cluster_delta,0,incidence,lag0_incidence,0.073627
cluster_delta,0,incidence,lag1_z1,0.224588
cluster_delta,0,incidence,lag1_z2,-0.204191
cluster_delta,0,incidence,lag1_z3,0.131006
cluster_delta,0,incidence,lag1_z4,0.105532
cluster_delta,0,incidence,lag1_z6,0.073429
cluster_delta,0,incidence,lag1_incidence,-0.044625
cluster_delta,0,incidence,lag2_z1,-0.197962
cluster_delta,0,incidence,lag2_z2,0.297483
cluster_delta,0,incidence,lag2_z3,0.040876
cluster_delta,0,incidence,lag2_z4,-0.107425
cluster_delta,0,incidence,lag2_incidence,0.074044
cluster_delta,0,incidence,lag3_z1,-0.073274
cluster_delta,0,incidence,lag3_z2,-0.372291
cluster_delta,0,incidence,lag3_z4,0.089798
cluster_delta,0,incidence,lag3_z5,-0.180065
cluster_delta,0,incidence,lag3_z6,0.17302
cluster_delta,0,incidence,lag4_z1,0.081906
cluster_delta,0,incidence,lag4_z2,0.334538
cluster_delta,0,incidence,lag4_z3,-0.097388
cluster_delta,0,incidence,lag4_z4,-0.241652
cluster_delta,0,incidence,lag4_z5,0.105655
cluster_delta,0,incidence,lag4_z6,-0.40456
cluster_delta,0,incidence,lag4_incidence,-0.117069
cluster_delta,0,incidence,lag5_z3,-0.087451
cluster_delta,0,incidence,lag5_z4,0.049348
cluster_delta,0,incidence,lag5_z5,0.163799
cluster_delta,1,incidence,lag0_z5,-0.061583
cluster_delta,1,incidence,lag0_incidence,-0.079311
cluster_delta,1,incidence,lag1_z5,-0.069544
cluster_delta,1,incidence,lag3_z3,0.044538
cluster_delta,1,incidence,lag4_z1,-0.048609
cluster_delta,1,incidence,lag4_z2,-0.14367
cluster_delta,1,incidence,lag4_z3,0.086229
cluster_delta,1,incidence,lag4_z4,0.086047
cluster_delta,1,incidence,lag4_z5,-0.084743
cluster_delta,1,incidence,lag4_z6,0.141186
cluster_delta,1,incidence,lag5_z1,0.078387
cluster_delta,1,incidence,lag5_z2,0.151757
cluster_delta,1,incidence,lag5_z3,-0.098006
cluster_delta,1,incidence,lag5_z4,-0.046722
cluster_delta,1,incidence,lag5_z5,0.168234
cluster_delta,1,incidence,lag5_z6,-0.167355
cluster_delta,2,incidence,1,-0.129084
cluster_delta,2,incidence,lag0_z1,0.04947
cluster_delta,2,incidence,lag0_z3,-0.075926
cluster_delta,2,incidence,lag0_z6,-0.136624
cluster_delta,2,incidence,lag0_incidence,-0.125633
cluster_delta,2,incidence,lag1_z2,0.109641
cluster_delta,2,incidence,lag1_z3,0.102731
cluster_delta,2,incidence,lag1_z4,-0.089991
cluster_delta,2,incidence,lag1_z6,0.063129
cluster_delta,2,incidence,lag1_incidence,-0.097649
cluster_delta,2,incidence,lag2_z1,-0.063933
cluster_delta,2,incidence,lag2_z2,-0.163568
cluster_delta,2,incidence,lag2_z4,0.096708
cluster_delta,2,incidence,lag2_z5,-0.096713
cluster_delta,2,incidence,lag2_z6,0.096755
cluster_delta,2,incidence,lag2_incidence,0.053467
cluster_delta,2,incidence,lag3_z2,-0.079642
cluster_delta,2,incidence,lag3_z3,0.056455
cluster_delta,2,incidence,lag3_z5,-0.080016
cluster_delta,2,incidence,lag4_z2,0.069671
cluster_delta,2,incidence,lag4_z5,0.111812
cluster_delta,2,incidence,lag4_z6,-0.105351
cluster_delta,2,incidence,lag5_z3,0.043271
cluster_delta,2,incidence,lag5_z6,0.092013
cluster_delta,2,incidence,lag5_incidence,0.072631
cluster_delta,3,incidence,lag0_incidence,0.054902
cluster_delta,3,incidence,lag1_z1,0.044937
cluster_delta,3,incidence,lag1_z4,0.061818
cluster_delta,3,incidence,lag1_incidence,0.060427
cluster_delta,3,incidence,lag2_z4,-0.076368
cluster_delta,3,incidence,lag2_z5,-0.047695
cluster_delta,3,incidence,lag2_incidence,-0.116253
cluster_delta,3,incidence,lag3_z4,0.050193
cluster_delta,4,incidence,lag0_incidence,0.066823
cluster_delta,4,incidence,lag3_incidence,-0.079902
cluster_delta,4,incidence,lag4_incidence,0.115238
cluster_delta,4,incidence,lag5_incidence,-0.07733
